lead_id,place_name,website_url,source_query,sendable,need,demo URL,sent_at,channel,template_version,status,reply_at,replied,converted,revenue,notes,name,place_url,raw_place_url,place_search_url,source,excluded_reason,collected_at,need_reason,auto_flag,place_name_clean,name_source,name_confidence,home_url,js_required,name_score,name_fallback_reason,name_clean,name_clean_source,name_clean_confidence
0000,Be Here Now,http://beherenow.jp/news/index,博多区 スピリチュアルカウンセリング -占い -タロット -霊視 -手相 -姓名判断 -占星術 -fortune -tarot -astrology,1,2,,,,,,,,,,,,,,,,,,,,福岡の心理カウンセリング、コーチングならビーヒアナウ,website_home_title,0.828,http://beherenow.jp/,0,4.1,,福岡の心理カウンセリング、コーチングならビーヒアナウ,fallback_place_name_clean,0.6
0001,心理オフィスK,https://s-office-k.com/network/network_kyusyu?srsltid=AfmBOopUahh-WjrBUDjLCcKy9NYNV2-iWZJQs1UixPiib4EQw-FZJkBU,六本松 スピリチュアルカウンセリング -占い -タロット -霊視 -手相 -姓名判断 -占星術 -fortune -tarot -astrology,1,1,,,,,,,,,,,,,,,,,,,,カウンセリング機関ネットワーク（九州・沖縄）,fallback_original_no_candidate,0.2,https://s-office-k.com/,0,0,thin_or_error_html,カウンセリング機関ネットワーク（九州・沖縄）,fallback_place_name_clean,0.6
0002,ヒプノセラピーマイコエル,https://maikoel.jimdofree.com/,香椎 ヒプノセラピー 自宅サロン サロン -占い -タロット -霊視 -手相 -姓名判断 -占星術 -fortune -tarot -astrology,1,1,,,,,,,,,,,,,,,,,,,,ヒプノセラピーって？,fallback_original_blocked,0.2,https://maikoel.jimdofree.com/,0,0,http_403_or_429,ヒプノセラピーって？,fallback_place_name_clean,0.6
0003,JOYLE,https://joyledays.com/self-energy-work/,博多区 エネルギーワーク 個人 完全予約制 -占い -タロット -霊視 -手相 -姓名判断 -占星術 -fortune -tarot -astrology,1,1,,,,,,,,,,,,,,,,,,,,JOYLE,fallback_original_no_candidate,0.2,https://joyledays.com/,0,0,thin_or_error_html,JOYLE,fallback_place_name_clean,0.6
0004,内山みゆきヒーリング研究室,https://uchiyama-miyuki.com/,六本松 スピリチュアルカウンセリング 隠れ家 -占い -タロット -霊視 -手相 -姓名判断 -占星術 -fortune -tarot -astrology,1,2,,,,,,,,,,,,,,,,,,,,スピリチュアライズ講座とカウンセリング,fallback_original_no_candidate,0.2,https://uchiyama-miyuki.com/,0,0,thin_or_error_html,スピリチュアライズ講座とカウンセリング,fallback_place_name_clean,0.6
0005,心理オフィスK,https://s-office-k.com/network/network_kyusyu?srsltid=AfmBOopWv_9RNo1uHwju6gNn8iWRJWsnieGFhncLqUhnj0gKkrJws9rF,藤崎 スピリチュアルカウンセリング -占い -タロット -霊視 -手相 -姓名判断 -占星術 -fortune -tarot -astrology,1,1,,,,,,,,,,,,,,,,,,,,カウンセリング機関ネットワーク（九州・沖縄）,fallback_original_no_candidate,0.2,https://s-office-k.com/,0,0,thin_or_error_html,カウンセリング機関ネットワーク（九州・沖縄）,fallback_place_name_clean,0.6
0006,前向き気づき日記,https://www.maemuki-k.com/entry/2023/10/27/221602,花畑 潜在意識 個人 -占い -タロット -霊視 -手相 -姓名判断 -占星術 -fortune -tarot -astrology -福岡市 -博多区 -中央区 -天神 -薬院 -大名 -六本松 -藤崎 -香椎,,1,,,,,,,,,,,瞑想でハイヤーセルフからのサポートを受ける〜五次元の世界,https://www.google.com/maps/search/?api=1&query=%E7%9E%91%E6%83%B3%E3%81%A7%E3%83%8F%E3%82%A4%E3%83%A4%E3%83%BC%E3%82%BB%E3%83%AB%E3%83%95%E3%81%8B%E3%82%89%E3%81%AE%E3%82%B5%E3%83%9D%E3%83%BC%E3%83%88%E3%82%92%E5%8F%97%E3%81%91%E3%82%8B%E3%80%9C%E4%BA%94%E6%AC%A1%E5%85%83%E3%81%AE%E4%B8%96%E7%95%8C+%E7%A6%8F%E5%B2%A1,,https://www.google.com/maps/search/?api=1&query=%E7%9E%91%E6%83%B3%E3%81%A7%E3%83%8F%E3%82%A4%E3%83%A4%E3%83%BC%E3%82%BB%E3%83%AB%E3%83%95%E3%81%8B%E3%82%89%E3%81%AE%E3%82%B5%E3%83%9D%E3%83%BC%E3%83%88%E3%82%92%E5%8F%97%E3%81%91%E3%82%8B%E3%80%9C%E4%BA%94%E6%AC%A1%E5%85%83%E3%81%AE%E4%B8%96%E7%95%8C+%E7%A6%8F%E5%B2%A1,serpex_search,,2026-02-21 15:59:29,,ok_candidate,瞑想でハイヤーセルフからのサポートを受ける〜五次元の世界,fallback_original_no_candidate,0.2,https://www.maemuki-k.com/,0,0,thin_or_error_html,五次元の世界,normalized_from_split,0.9
0007,めぐりゆくもの,https://meguriyukumono.wixsite.com/mysite,香椎 ヒプノセラピー 自宅サロン サロン -占い -タロット -霊視 -手相 -姓名判断 -占星術 -fortune -tarot -astrology,1,2,,,,,,,,,,,,,,,,,,,,ヒプノセラピー,fallback_original_no_candidate,0.2,https://meguriyukumono.wixsite.com/,0,0,http_404,ヒプノセラピー,fallback_place_name_clean,0.6
0008,Style Imagery,https://style-imagery.net/seitai/,西鉄久留米 エネルギーワーク 女性専用 -占い -タロット -霊視 -手相 -姓名判断 -占星術 -fortune -tarot -astrology -福岡市 -博多区 -中央区 -天神 -薬院 -大名 -六本松 -藤崎 -香椎,,2,,,,,,,,,,,エネルギーワーク（遠隔ヒーリング）,https://www.google.com/maps/search/?api=1&query=%E3%82%A8%E3%83%8D%E3%83%AB%E3%82%AE%E3%83%BC%E3%83%AF%E3%83%BC%E3%82%AF%EF%BC%88%E9%81%A0%E9%9A%94%E3%83%92%E3%83%BC%E3%83%AA%E3%83%B3%E3%82%B0%EF%BC%89+%E7%A6%8F%E5%B2%A1,,https://www.google.com/maps/search/?api=1&query=%E3%82%A8%E3%83%8D%E3%83%AB%E3%82%AE%E3%83%BC%E3%83%AF%E3%83%BC%E3%82%AF%EF%BC%88%E9%81%A0%E9%9A%94%E3%83%92%E3%83%BC%E3%83%AA%E3%83%B3%E3%82%B0%EF%BC%89+%E7%A6%8F%E5%B2%A1,serpex_search,,2026-02-21 16:01:34,,ok_candidate,周波数セラピー,website_home_h1,0.932,https://style-imagery.net/,0,5.4,,エネルギーワーク（遠隔ヒーリング）,normalized_from_raw,0.9
0009,ジョイカウンセリングスクール,https://www.iyasi-tukurimasu.com/blog/about-art-therapy/,博多区 スピリチュアルカウンセリング -占い -タロット -霊視 -手相 -姓名判断 -占星術 -fortune -tarot -astrology,1,2,,,,,,,,,,,,,,,,,,,,アートセラピーとは？心理的効果・種類・やり方・学び方を専門家が解説,fallback_original_no_candidate,0.2,https://www.iyasi-tukurimasu.com/,0,0,thin_or_error_html,アートセラピーとは？心理的効果・種類・やり方・学び方を専門家が解説,fallback_place_name_clean,0.6
0010,アクセスバーズ＆ヒーリングサロンさくら,https://suzume5489.com/00000504/,北九州市 門司区 レイキ サロン -占い -タロット -霊視 -手相 -姓名判断 -占星術 -fortune -tarot -astrology -福岡市 -博多区 -中央区 -天神 -薬院 -大名 -六本松 -藤崎 -香椎,,2,,,,,,,,,,,アクセスバーズ&ヒーリングサロンさくら ご予約,https://www.google.com/maps/search/?api=1&query=%E3%82%A2%E3%82%AF%E3%82%BB%E3%82%B9%E3%83%90%E3%83%BC%E3%82%BA%26%E3%83%92%E3%83%BC%E3%83%AA%E3%83%B3%E3%82%B0%E3%82%B5%E3%83%AD%E3%83%B3%E3%81%95%E3%81%8F%E3%82%89+%E3%81%94%E4%BA%88%E7%B4%84+%E7%A6%8F%E5%B2%A1,,https://www.google.com/maps/search/?api=1&query=%E3%82%A2%E3%82%AF%E3%82%BB%E3%82%B9%E3%83%90%E3%83%BC%E3%82%BA%26%E3%83%92%E3%83%BC%E3%83%AA%E3%83%B3%E3%82%B0%E3%82%B5%E3%83%AD%E3%83%B3%E3%81%95%E3%81%8F%E3%82%89+%E3%81%94%E4%BA%88%E7%B4%84+%E7%A6%8F%E5%B2%A1,serpex_search,,2026-02-21 15:58:02,,ok_candidate,バーズ&ヒーリングサロンさくら ご,fallback_place_url_query_js,0.55,https://suzume5489.com/,1,1.2,js_required_place_url_query,バーズ&ヒーリングサロンさくら ご,fallback_place_name_clean,0.6
0011,チャンパックエネルギーワーク,https://champak-t.wixsite.com/tobise,中央区 エネルギーワーク -占い -タロット -霊視 -手相 -姓名判断 -占星術 -fortune -tarot -astrology,1,2,,,,,,,,,,,,,,,,,,,,チャンパック エネルギーワークのページ,fallback_original_no_candidate,0.2,https://champak-t.wixsite.com/,0,0,http_404,チャンパック エネルギーワークのページ,fallback_place_name_clean,0.6
0012,Soft Wind,https://www.wadamaya.com/cont24/main.html,井尻 波動調整 -占い -タロット -霊視 -手相 -姓名判断 -占星術 -fortune -tarot -astrology,1,1,,,,,,,,,,,,,,,,,,,,ヒーリング施術 Soft Wind,website_home_jsonld_name,0.99,https://www.wadamaya.com/,0,6.5,,ヒーリング施術 Soft Wind,fallback_place_name_clean,0.6
0013,浩氣館道場,https://www.s-grid-fukuoka.com/blank-15,博多区 スピリチュアルカウンセリング -占い -タロット -霊視 -手相 -姓名判断 -占星術 -fortune -tarot -astrology,1,1,,,,,,,,,,,,,,,,,,,,S Grid Fukuoka,fallback_domain_derived_js,0.4,https://www.s-grid-fukuoka.com/,1,0.6,js_required_domain_fallback,S Grid Fukuoka,fallback_place_name_clean,0.6
0014,Dormir,https://kaimin-reset.com/?p=1539,東区 エネルギーワーク 隠れ家 サロン -占い -タロット -霊視 -手相 -姓名判断 -占星術 -fortune -tarot -astrology,1,1,,,,,,,,,,,,,,,,,,,,アクセス・バーズ®について,fallback_original_no_candidate,0.2,https://kaimin-reset.com/,0,0,thin_or_error_html,アクセス・バーズ®について,fallback_place_name_clean,0.6
0015,アンジェリカ,https://www.angelica-kana.com/,藤崎 スピリチュアルカウンセリング -占い -タロット -霊視 -手相 -姓名判断 -占星術 -fortune -tarot -astrology,1,1,,,,,,,,,,,,,,,,,,,,"魂の回復と成長を望むあなたへ 〜 福岡のスピリチュアルカウンセリング、レイキ伝授,過去世ヒーリング、遠隔セッション（電話）、潜在意識の書き換え、ブロックの解放など",website_home_h1,0.676,https://www.angelica-kana.com/,0,2.2,,"魂の回復と成長を望むあなたへ 〜 福岡のスピリチュアルカウンセリング、レイキ伝授,過去世ヒーリング、遠隔セッション（電話）、潜在意識の書き換え、ブロックの解放など",fallback_place_name_clean,0.6
0016,Miracle Healing Salon,https://miraclehealingsalon.com/,北九州市 小倉北区 チャネリング 完全予約制 -占い -タロット -霊視 -手相 -姓名判断 -占星術 -fortune -tarot -astrology -福岡市 -博多区 -中央区 -天神 -薬院 -大名 -六本松 -藤崎 -香椎,,1,,,,,,,,,,,Top,https://www.google.com/maps/search/?api=1&query=Top+%E7%A6%8F%E5%B2%A1,,https://www.google.com/maps/search/?api=1&query=Top+%E7%A6%8F%E5%B2%A1,serpex_search,,2026-02-21 16:02:14,,ok_candidate,ミラクルヒーリングサロン,website_home_og_site_name,0.99,https://miraclehealingsalon.com/,0,7.4,,ミラクルヒーリングサロン,fallback_place_name_clean,0.6
0017,癒し空間ミネワサビ,http://www2.tbb.t-com.ne.jp/minewasa-salone/prof.html,東区 エネルギーワーク 隠れ家 -占い -タロット -霊視 -手相 -姓名判断 -占星術 -fortune -tarot -astrology,1,1,,,,,,,,,,,,,,,,,,,,T Com,fallback_domain_derived_js,0.4,http://www2.tbb.t-com.ne.jp/,1,0.6,js_required_domain_fallback,T Com,fallback_place_name_clean,0.6
0018,Honey,https://01honey.wixsite.com/honey,西鉄柳川 潜在意識 自宅サロン -占い -タロット -霊視 -手相 -姓名判断 -占星術 -fortune -tarot -astrology -福岡市 -博多区 -中央区 -天神 -薬院 -大名 -六本松 -藤崎 -香椎,,1,,,,,,,,,,,Honey自宅エステサロン,https://www.google.com/maps/search/?api=1&query=Honey%E8%87%AA%E5%AE%85%E3%82%A8%E3%82%B9%E3%83%86%E3%82%B5%E3%83%AD%E3%83%B3+%E7%A6%8F%E5%B2%A1,,https://www.google.com/maps/search/?api=1&query=Honey%E8%87%AA%E5%AE%85%E3%82%A8%E3%82%B9%E3%83%86%E3%82%B5%E3%83%AD%E3%83%B3+%E7%A6%8F%E5%B2%A1,serpex_search,,2026-02-21 15:57:11,,needs_manual_review,Honey自宅エステサロン,fallback_original_no_candidate,0.2,https://01honey.wixsite.com/,0,0,http_404,Honey自宅エステサロン,normalized_from_raw,0.9
0019,Sonospi,https://sonospi.com/spiritual.html,藤崎 スピリチュアルカウンセリング -占い -タロット -霊視 -手相 -姓名判断 -占星術 -fortune -tarot -astrology,1,2,,,,,,,,,,,,,,,,,,,,Sonoのスピリチュアルカウンセリング・東京都・赤坂・茨城県つくば,website_home_title,0.828,https://sonospi.com/,0,4.1,,Sonoのスピリチュアルカウンセリング・東京都・赤坂・茨城県つくば,fallback_place_name_clean,0.6
0020,TM治療院,https://www.kurosakishinkyuseikotuin.jp/%E5%83%95%E3%81%AE%E5%A5%A5%E3%81%95%E3%82%93%E3%81%AE%E6%B2%BB%E7%99%82%E5%AE%A4%E3%81%AE%E7%B4%B9%E4%BB%8B/,北九州市 八幡西区 ヒーリング -占い -タロット -霊視 -手相 -姓名判断 -占星術 -fortune -tarot -astrology -福岡市 -博多区 -中央区 -天神 -薬院 -大名 -六本松 -藤崎 -香椎,,1,,,,,,,,,,,僕の奥さんの治療室の紹介 福岡 北九州 八幡西区 鍼灸 はり きゅう ...,https://www.google.com/maps/search/?api=1&query=%E5%83%95%E3%81%AE%E5%A5%A5%E3%81%95%E3%82%93%E3%81%AE%E6%B2%BB%E7%99%82%E5%AE%A4%E3%81%AE%E7%B4%B9%E4%BB%8B+%E7%A6%8F%E5%B2%A1+%E5%8C%97%E4%B9%9D%E5%B7%9E+%E5%85%AB%E5%B9%A1%E8%A5%BF%E5%8C%BA+%E9%8D%BC%E7%81%B8+%E3%81%AF%E3%82%8A+%E3%81%8D%E3%82%85%E3%81%86+...,,https://www.google.com/maps/search/?api=1&query=%E5%83%95%E3%81%AE%E5%A5%A5%E3%81%95%E3%82%93%E3%81%AE%E6%B2%BB%E7%99%82%E5%AE%A4%E3%81%AE%E7%B4%B9%E4%BB%8B+%E7%A6%8F%E5%B2%A1+%E5%8C%97%E4%B9%9D%E5%B7%9E+%E5%85%AB%E5%B9%A1%E8%A5%BF%E5%8C%BA+%E9%8D%BC%E7%81%B8+%E3%81%AF%E3%82%8A+%E3%81%8D%E3%82%85%E3%81%86+...,serpex_search,,2026-02-21 15:57:20,,ok_candidate,僕の奥さんの治療室の紹介 福岡 北九州 八幡西区 鍼灸 はり きゅう ...,fallback_original_blocked,0.2,https://www.kurosakishinkyuseikotuin.jp/,0,0,http_403_or_429,僕の奥さんの治療室の紹介 福岡 北九州 八幡西区 鍼灸 はり きゅう ...,fallback_place_name_clean,0.6
0021,Japan Human Therapy,https://www.japan-human-e.com/contents/category/school/,天神 潜在意識 サロン -占い -タロット -霊視 -手相 -姓名判断 -占星術 -fortune -tarot -astrology,1,1,,,,,,,,,,,,,,,,,,,,福岡市天神と長崎市にあるセラピースクール,website_home_h1,0.932,https://www.japan-human-e.com/,0,5.4,,福岡市天神と長崎市にあるセラピースクール,fallback_place_name_clean,0.6
0022,Heal e-Body,https://www.heal-ebody.com/works/,北九州市 戸畑区 エネルギーワーク マンション 個人 -占い -タロット -霊視 -手相 -姓名判断 -占星術 -fortune -tarot -astrology -福岡市 -博多区 -中央区 -天神 -薬院 -大名 -六本松 -藤崎 -香椎,,2,,,,,,,,,,,遠隔エネルギーワーク,https://www.google.com/maps/search/?api=1&query=%E9%81%A0%E9%9A%94%E3%82%A8%E3%83%8D%E3%83%AB%E3%82%AE%E3%83%BC%E3%83%AF%E3%83%BC%E3%82%AF+%E7%A6%8F%E5%B2%A1,,https://www.google.com/maps/search/?api=1&query=%E9%81%A0%E9%9A%94%E3%82%A8%E3%83%8D%E3%83%AB%E3%82%AE%E3%83%BC%E3%83%AF%E3%83%BC%E3%82%AF+%E7%A6%8F%E5%B2%A1,serpex_search,,2026-02-21 15:56:44,,ok_candidate,遠隔エネルギーワーク,fallback_original_blocked,0.2,https://www.heal-ebody.com/,0,0,http_403_or_429,遠隔エネルギーワーク,normalized_from_raw,0.9
0023,癒しサロン HOGU,https://iyasisalonhogu.crayonsite.com/,西鉄柳川 潜在意識 自宅サロン -占い -タロット -霊視 -手相 -姓名判断 -占星術 -fortune -tarot -astrology -福岡市 -博多区 -中央区 -天神 -薬院 -大名 -六本松 -藤崎 -香椎,,2,,,,,,,,,,,癒しサロン Hogu,https://www.google.com/maps/search/?api=1&query=%E7%99%92%E3%81%97%E3%82%B5%E3%83%AD%E3%83%B3+Hogu+%E7%A6%8F%E5%B2%A1,,https://www.google.com/maps/search/?api=1&query=%E7%99%92%E3%81%97%E3%82%B5%E3%83%AD%E3%83%B3+Hogu+%E7%A6%8F%E5%B2%A1,serpex_search,,2026-02-21 15:57:11,,ok_candidate,癒しサロン HOGU,website_home_og_site_name,0.99,https://iyasisalonhogu.crayonsite.com/,0,8,,癒しサロン Hogu,normalized_from_raw,0.9
0024,東京サロン・ド・ヒーリング,https://yuzuki.xyz/energy-work/,中央区 エネルギーワーク -占い -タロット -霊視 -手相 -姓名判断 -占星術 -fortune -tarot -astrology,1,1,,,,,,,,,,,,,,,,,,,,エネルギーワーク│東京サロン・ド・ヒーリング公式 ページ,fallback_original_no_candidate,0.2,https://yuzuki.xyz/,0,0,thin_or_error_html,エネルギーワーク│東京サロン・ド・ヒーリング公式 ページ,fallback_place_name_clean,0.6
0025,パワー・スピリチュアルカウンセリング,https://reserva.be/mission888/about,六本松 スピリチュアルカウンセリング -占い -タロット -霊視 -手相 -姓名判断 -占星術 -fortune -tarot -astrology,1,1,,,,,,,,,,,,,,,,,,,,パワー・スピリチュアルカウンセリング,fallback_original_blocked,0.2,https://reserva.be/,0,0,http_403_or_429,パワー・スピリチュアルカウンセリング,fallback_place_name_clean,0.6
0026,namu,http://www.namu-jp.com/healing.html,北九州市 門司区 レイキ サロン -占い -タロット -霊視 -手相 -姓名判断 -占星術 -fortune -tarot -astrology -福岡市 -博多区 -中央区 -天神 -薬院 -大名 -六本松 -藤崎 -香椎,,2,,,,,,,,,,,namu,https://www.google.com/maps/search/?api=1&query=namu+%E7%A6%8F%E5%B2%A1,,https://www.google.com/maps/search/?api=1&query=namu+%E7%A6%8F%E5%B2%A1,serpex_search,,2026-02-21 15:58:02,,ok_candidate,ナムーパワーストーン,website_home_title,0.804,http://www.namu-jp.com/,0,3.8,,namu,normalized_from_raw,0.9
0027,ラ・ミューズ,https://lamuse-k.com/school/lamuse/,西鉄久留米 ヒプノセラピー -占い -タロット -霊視 -手相 -姓名判断 -占星術 -fortune -tarot -astrology -福岡市 -博多区 -中央区 -天神 -薬院 -大名 -六本松 -藤崎 -香椎,,1,,,,,,,,,,,ラ・ミューズについて,https://www.google.com/maps/search/?api=1&query=%E3%83%A9%E3%83%BB%E3%83%9F%E3%83%A5%E3%83%BC%E3%82%BA%E3%81%AB%E3%81%A4%E3%81%84%E3%81%A6+%E7%A6%8F%E5%B2%A1,,https://www.google.com/maps/search/?api=1&query=%E3%83%A9%E3%83%BB%E3%83%9F%E3%83%A5%E3%83%BC%E3%82%BA%E3%81%AB%E3%81%A4%E3%81%84%E3%81%A6+%E7%A6%8F%E5%B2%A1,serpex_search,,2026-02-21 16:04:04,,ok_candidate,ラ・ミューズについて,fallback_original_no_candidate,0.2,https://lamuse-k.com/,0,0,thin_or_error_html,ラ・ミューズ,normalized_from_pattern,0.9
0028,PARAFUSE,https://parafuse-aichi.com/salon/,西鉄柳川 潜在意識 自宅サロン -占い -タロット -霊視 -手相 -姓名判断 -占星術 -fortune -tarot -astrology -福岡市 -博多区 -中央区 -天神 -薬院 -大名 -六本松 -藤崎 -香椎,,1,,,,,,,,,,,開放感と非日常な上質なお時間を感じる自宅サロンの隠れ家小顔エステサロン。,https://www.google.com/maps/search/?api=1&query=%E9%96%8B%E6%94%BE%E6%84%9F%E3%81%A8%E9%9D%9E%E6%97%A5%E5%B8%B8%E3%81%AA%E4%B8%8A%E8%B3%AA%E3%81%AA%E3%81%8A%E6%99%82%E9%96%93%E3%82%92%E6%84%9F%E3%81%98%E3%82%8B%E8%87%AA%E5%AE%85%E3%82%B5%E3%83%AD%E3%83%B3%E3%81%AE%E9%9A%A0%E3%82%8C%E5%AE%B6%E5%B0%8F%E9%A1%94%E3%82%A8%E3%82%B9%E3%83%86%E3%82%B5%E3%83%AD%E3%83%B3%E3%80%82+%E7%A6%8F%E5%B2%A1,,https://www.google.com/maps/search/?api=1&query=%E9%96%8B%E6%94%BE%E6%84%9F%E3%81%A8%E9%9D%9E%E6%97%A5%E5%B8%B8%E3%81%AA%E4%B8%8A%E8%B3%AA%E3%81%AA%E3%81%8A%E6%99%82%E9%96%93%E3%82%92%E6%84%9F%E3%81%98%E3%82%8B%E8%87%AA%E5%AE%85%E3%82%B5%E3%83%AD%E3%83%B3%E3%81%AE%E9%9A%A0%E3%82%8C%E5%AE%B6%E5%B0%8F%E9%A1%94%E3%82%A8%E3%82%B9%E3%83%86%E3%82%B5%E3%83%AD%E3%83%B3%E3%80%82+%E7%A6%8F%E5%B2%A1,serpex_search,,2026-02-21 15:57:11,,ok_candidate,小顔エステのパラフューズ愛知一宮店,website_home_logo_alt,0.9,https://parafuse-aichi.com/,0,5,,小顔エステのパラフューズ愛知一宮店,fallback_place_name_clean,0.6
0029, 空-kuu,https://salonkuu.com/,香椎 ヒプノセラピー 自宅サロン サロン -占い -タロット -霊視 -手相 -姓名判断 -占星術 -fortune -tarot -astrology,1,1,,,,,,,,,,,,,,,,,,,,潜在意識から心と身体を癒すホリスティックヒプノセラピーサロン空-kuu,website_home_og_site_name,0.99,https://salonkuu.com/,0,6.5,,潜在意識から心と身体を癒すホリスティックヒプノセラピーサロン空-kuu,fallback_place_name_clean,0.6
0030,ヒーリングアミュゼRe’nao,https://reserva.be/renao/about,北九州市 門司区 レイキ サロン -占い -タロット -霊視 -手相 -姓名判断 -占星術 -fortune -tarot -astrology -福岡市 -博多区 -中央区 -天神 -薬院 -大名 -六本松 -藤崎 -香椎,,2,,,,,,,,,,,北九州若松ヒーリングアミュゼRe'nao＊予約サイト,https://www.google.com/maps/search/?api=1&query=%E5%8C%97%E4%B9%9D%E5%B7%9E%E8%8B%A5%E6%9D%BE%E3%83%92%E3%83%BC%E3%83%AA%E3%83%B3%E3%82%B0%E3%82%A2%E3%83%9F%E3%83%A5%E3%82%BCRe%27nao%EF%BC%8A%E4%BA%88%E7%B4%84%E3%82%B5%E3%82%A4%E3%83%88+%E7%A6%8F%E5%B2%A1,,https://www.google.com/maps/search/?api=1&query=%E5%8C%97%E4%B9%9D%E5%B7%9E%E8%8B%A5%E6%9D%BE%E3%83%92%E3%83%BC%E3%83%AA%E3%83%B3%E3%82%B0%E3%82%A2%E3%83%9F%E3%83%A5%E3%82%BCRe%27nao%EF%BC%8A%E4%BA%88%E7%B4%84%E3%82%B5%E3%82%A4%E3%83%88+%E7%A6%8F%E5%B2%A1,serpex_search,,2026-02-21 15:58:02,,ok_candidate,北九州若松ヒーリングアミュゼRe'nao＊予約サイト,fallback_original_blocked,0.2,https://reserva.be/,0,0,http_403_or_429,北九州若松ヒーリングアミュゼRe'nao＊予約サイト,fallback_place_name_clean,0.6
0031,biobell,https://bio-bell.com/news/2171,中央区 潜在意識 -占い -タロット -霊視 -手相 -姓名判断 -占星術 -fortune -tarot -astrology,1,1,,,,,,,,,,,,,,,,,,,,セラピー講座 〜脳と心を穏やかに潜在意識の扉を開ける〜,fallback_original_no_candidate,0.2,https://bio-bell.com/,0,0,thin_or_error_html,セラピー講座 〜脳と心を穏やかに潜在意識の扉を開ける〜,fallback_place_name_clean,0.6
0032,ヒプノセラピー Enjoy,https://www.zenseryoho.com/,大野城 ヒプノセラピー 完全予約制 サロン -占い -タロット -霊視 -手相 -姓名判断 -占星術 -fortune -tarot -astrology -福岡市 -博多区 -中央区 -天神 -薬院 -大名 -六本松 -藤崎 -香椎,,2,,,,,,,,,,,前世療法はヒプノセラピーサロンEnjoy,https://www.google.com/maps/search/?api=1&query=%E5%89%8D%E4%B8%96%E7%99%82%E6%B3%95%E3%81%AF%E3%83%92%E3%83%97%E3%83%8E%E3%82%BB%E3%83%A9%E3%83%94%E3%83%BC%E3%82%B5%E3%83%AD%E3%83%B3Enjoy+%E7%A6%8F%E5%B2%A1,,https://www.google.com/maps/search/?api=1&query=%E5%89%8D%E4%B8%96%E7%99%82%E6%B3%95%E3%81%AF%E3%83%92%E3%83%97%E3%83%8E%E3%82%BB%E3%83%A9%E3%83%94%E3%83%BC%E3%82%B5%E3%83%AD%E3%83%B3Enjoy+%E7%A6%8F%E5%B2%A1,serpex_search,,2026-02-21 15:58:07,,ok_candidate,前世療法はヒプノセラピーサロンEnjoy,website_home_og_title,0.99,https://www.zenseryoho.com/,0,6.6,,前世療法はヒプノセラピーサロンEnjoy,normalized_from_raw,0.6
0033,悠々塾,http://www.yu-yu-susa.com/reserve/reserve.html,北九州市 戸畑区 スピリチュアルカウンセリング 隠れ家 -占い -タロット -霊視 -手相 -姓名判断 -占星術 -fortune -tarot -astrology -福岡市 -博多区 -中央区 -天神 -薬院 -大名 -六本松 -藤崎 -香椎,,2,,,,,,,,,,,スピリチュアルヒーリング スピリチュアルカウンセリング,https://www.google.com/maps/search/?api=1&query=%E3%82%B9%E3%83%94%E3%83%AA%E3%83%81%E3%83%A5%E3%82%A2%E3%83%AB%E3%83%92%E3%83%BC%E3%83%AA%E3%83%B3%E3%82%B0+%E3%82%B9%E3%83%94%E3%83%AA%E3%83%81%E3%83%A5%E3%82%A2%E3%83%AB%E3%82%AB%E3%82%A6%E3%83%B3%E3%82%BB%E3%83%AA%E3%83%B3%E3%82%B0+%E7%A6%8F%E5%B2%A1,,https://www.google.com/maps/search/?api=1&query=%E3%82%B9%E3%83%94%E3%83%AA%E3%83%81%E3%83%A5%E3%82%A2%E3%83%AB%E3%83%92%E3%83%BC%E3%83%AA%E3%83%B3%E3%82%B0+%E3%82%B9%E3%83%94%E3%83%AA%E3%83%81%E3%83%A5%E3%82%A2%E3%83%AB%E3%82%AB%E3%82%A6%E3%83%B3%E3%82%BB%E3%83%AA%E3%83%B3%E3%82%B0+%E7%A6%8F%E5%B2%A1,serpex_search,,2026-02-21 16:01:29,,ok_candidate,Xs`Aq[OFIXm,website_home_title,0.804,http://www.yu-yu-susa.com/,0,3.8,,Xs`Aq[OFIXm,fallback_place_name_clean,0.6
0034,Yukiko Sakuramiya,https://office-sakuramiya.net/,博多区 スピリチュアルカウンセリング -占い -タロット -霊視 -手相 -姓名判断 -占星術 -fortune -tarot -astrology,1,1,,,,,,,,,,,,,,,,,,,,スピリチュアルヒーリング,website_home_og_site_name,0.99,https://office-sakuramiya.net/,0,6.8,,スピリチュアルヒーリング,fallback_place_name_clean,0.6
0035,愉和整骨院,http://www.koga-seikotsuin.com/contents/1291/,古賀 エネルギーワーク マンション 個人 -占い -タロット -霊視 -手相 -姓名判断 -占星術 -fortune -tarot -astrology -福岡市 -博多区 -中央区 -天神 -薬院 -大名 -六本松 -藤崎 -香椎,,1,,,,,,,,,,,エネルギーワーク,https://www.google.com/maps/search/?api=1&query=%E3%82%A8%E3%83%8D%E3%83%AB%E3%82%AE%E3%83%BC%E3%83%AF%E3%83%BC%E3%82%AF+%E7%A6%8F%E5%B2%A1,,https://www.google.com/maps/search/?api=1&query=%E3%82%A8%E3%83%8D%E3%83%AB%E3%82%AE%E3%83%BC%E3%83%AF%E3%83%BC%E3%82%AF+%E7%A6%8F%E5%B2%A1,serpex_search,,2026-02-21 15:57:33,,ok_candidate,古賀市・福津市から東区糟屋の交通事故治療は愉和整骨院へ,website_home_title,0.684,http://www.koga-seikotsuin.com/,0,2.3,,エネルギーワーク,normalized_from_raw,0.9
0036,葵優太 ヒーリング・ウィンド,https://yuu-ta.com/channeling,北九州市 小倉北区 チャネリング 完全予約制 -占い -タロット -霊視 -手相 -姓名判断 -占星術 -fortune -tarot -astrology -福岡市 -博多区 -中央区 -天神 -薬院 -大名 -六本松 -藤崎 -香椎,,1,,,,,,,,,,,チャネリングセッション,https://www.google.com/maps/search/?api=1&query=%E3%83%81%E3%83%A3%E3%83%8D%E3%83%AA%E3%83%B3%E3%82%B0%E3%82%BB%E3%83%83%E3%82%B7%E3%83%A7%E3%83%B3+%E7%A6%8F%E5%B2%A1,,https://www.google.com/maps/search/?api=1&query=%E3%83%81%E3%83%A3%E3%83%8D%E3%83%AA%E3%83%B3%E3%82%B0%E3%82%BB%E3%83%83%E3%82%B7%E3%83%A7%E3%83%B3+%E7%A6%8F%E5%B2%A1,serpex_search,,2026-02-21 16:02:14,,ok_candidate,チャネリングセッション,fallback_original_no_candidate,0.2,https://yuu-ta.com/,0,0,thin_or_error_html,チャネリングセッション,normalized_from_raw,0.9
0037,サロン案内,https://spiritalmituko.com/salon/,北九州市 戸畑区 スピリチュアルカウンセリング 隠れ家 -占い -タロット -霊視 -手相 -姓名判断 -占星術 -fortune -tarot -astrology -福岡市 -博多区 -中央区 -天神 -薬院 -大名 -六本松 -藤崎 -香椎,,1,,,,,,,,,,,サロン案内,https://www.google.com/maps/search/?api=1&query=%E3%82%B5%E3%83%AD%E3%83%B3%E6%A1%88%E5%86%85+%E7%A6%8F%E5%B2%A1,,https://www.google.com/maps/search/?api=1&query=%E3%82%B5%E3%83%AD%E3%83%B3%E6%A1%88%E5%86%85+%E7%A6%8F%E5%B2%A1,serpex_search,,2026-02-21 16:01:29,,ok_candidate,サロン案内,fallback_original_no_candidate,0.2,https://spiritalmituko.com/,0,0,thin_or_error_html,サロン案内,normalized_from_raw,0.9
0038,Tomokatsu Spiritual Counselor,https://nijikaze.com/,六本松 スピリチュアルカウンセリング 隠れ家 -占い -タロット -霊視 -手相 -姓名判断 -占星術 -fortune -tarot -astrology,1,1,,,,,,,,,,,,,,,,,,,,Tomokatsu,fallback_original_no_candidate,0.2,https://nijikaze.com/,0,0,thin_or_error_html,Tomokatsu,fallback_place_name_clean,0.6
0039,我がままに生きる,https://reserva.be/riiccoooo/reserve?mode=service_staff&search_evt_no=1ceJwzNjc2NLcAAARQAT4,博多区 エネルギーワーク 個人 完全予約制 -占い -タロット -霊視 -手相 -姓名判断 -占星術 -fortune -tarot -astrology,1,1,,,,,,,,,,,,,,,,,,,,エネルギーワーク (エネルギー注入・波動調整・浄化),fallback_original_blocked,0.2,https://reserva.be/,0,0,http_403_or_429,エネルギーワーク (エネルギー注入・波動調整・浄化),fallback_place_name_clean,0.6
0040,Ray Art & 美@therapyはセラピストのいるヘアーサロンです。,https://locorayart.com/concept.html,北九州市 小倉北区 レイキ サロン -占い -タロット -霊視 -手相 -姓名判断 -占星術 -fortune -tarot -astrology -福岡市 -博多区 -中央区 -天神 -薬院 -大名 -六本松 -藤崎 -香椎,,2,,,,,,,,,,,コンセプト,https://www.google.com/maps/search/?api=1&query=%E3%82%B3%E3%83%B3%E3%82%BB%E3%83%97%E3%83%88+%E7%A6%8F%E5%B2%A1,,https://www.google.com/maps/search/?api=1&query=%E3%82%B3%E3%83%B3%E3%82%BB%E3%83%97%E3%83%88+%E7%A6%8F%E5%B2%A1,serpex_search,,2026-02-21 15:57:35,,ok_candidate,Ray Art & @therapy̓ZsXĝwA[TłB,website_home_h1,0.956,https://locorayart.com/,0,5.7,,コンセプト,normalized_from_raw,0.9
0041,Hypnotherapy Trinity Fukuoka,https://www.trinityfukuoka.com/session.html,西鉄久留米 ヒプノセラピー -占い -タロット -霊視 -手相 -姓名判断 -占星術 -fortune -tarot -astrology -福岡市 -博多区 -中央区 -天神 -薬院 -大名 -六本松 -藤崎 -香椎,,2,,,,,,,,,,,ヒプノセラピー個人セッション :: ヒプノセラピー・トリニティ福岡,https://www.google.com/maps/search/?api=1&query=%E3%83%92%E3%83%97%E3%83%8E%E3%82%BB%E3%83%A9%E3%83%94%E3%83%BC%E5%80%8B%E4%BA%BA%E3%82%BB%E3%83%83%E3%82%B7%E3%83%A7%E3%83%B3+%3A%3A+%E3%83%92%E3%83%97%E3%83%8E%E3%82%BB%E3%83%A9%E3%83%94%E3%83%BC%E3%83%BB%E3%83%88%E3%83%AA%E3%83%8B%E3%83%86%E3%82%A3%E7%A6%8F%E5%B2%A1,,https://www.google.com/maps/search/?api=1&query=%E3%83%92%E3%83%97%E3%83%8E%E3%82%BB%E3%83%A9%E3%83%94%E3%83%BC%E5%80%8B%E4%BA%BA%E3%82%BB%E3%83%83%E3%82%B7%E3%83%A7%E3%83%B3+%3A%3A+%E3%83%92%E3%83%97%E3%83%8E%E3%82%BB%E3%83%A9%E3%83%94%E3%83%BC%E3%83%BB%E3%83%88%E3%83%AA%E3%83%8B%E3%83%86%E3%82%A3%E7%A6%8F%E5%B2%A1,serpex_search,,2026-02-21 16:04:04,,ok_candidate,ヒプノセラピー・トリニティ福岡｜公認心理師による催眠療法,website_home_title,0.828,https://www.trinityfukuoka.com/,0,4.1,,ヒプノセラピー個人セッション,normalized_from_split,0.9
0042,Belle Peau,http://belle-peau.com/01aboutus,北九州市 八幡西区 ヒーリング -占い -タロット -霊視 -手相 -姓名判断 -占星術 -fortune -tarot -astrology -福岡市 -博多区 -中央区 -天神 -薬院 -大名 -六本松 -藤崎 -香椎,,2,,,,,,,,,,,サロンご案内,https://www.google.com/maps/search/?api=1&query=%E3%82%B5%E3%83%AD%E3%83%B3%E3%81%94%E6%A1%88%E5%86%85+%E7%A6%8F%E5%B2%A1,,https://www.google.com/maps/search/?api=1&query=%E3%82%B5%E3%83%AD%E3%83%B3%E3%81%94%E6%A1%88%E5%86%85+%E7%A6%8F%E5%B2%A1,serpex_search,,2026-02-21 15:57:20,,ok_candidate,リラクゼーション＆ヒーリング エステスタジオべルポ,website_home_logo_alt,0.9,http://belle-peau.com/,0,5,,サロン,normalized_from_pattern,0.9
0043,福岡でのレイキヒーリングと講座レポート,https://smilefull.net/fukuoka-reiki-lesson,六本松 スピリチュアルカウンセリング -占い -タロット -霊視 -手相 -姓名判断 -占星術 -fortune -tarot -astrology,1,2,,,,,,,,,,,,,,,,,,,,福岡でのレイキヒーリングと講座レポート！実際のお客様の声,fallback_original_no_candidate,0.2,https://smilefull.net/,0,0,thin_or_error_html,福岡でのレイキヒーリングと講座レポート！実際のお客様の声,fallback_place_name_clean,0.6
0044,energywork,https://www.energywork-project.com/,博多区 エネルギーワーク 個人 完全予約制 -占い -タロット -霊視 -手相 -姓名判断 -占星術 -fortune -tarot -astrology,1,2,,,,,,,,,,,,,,,,,,,,Energywork Project,fallback_domain_derived_js,0.4,https://www.energywork-project.com/,1,0.6,js_required_domain_fallback,Energywork Project,fallback_place_name_clean,0.6
0045,ココカラサロン,https://coco-kara.net/salon/energy/,北九州市 小倉南区 エネルギーワーク 隠れ家 サロン -占い -タロット -霊視 -手相 -姓名判断 -占星術 -fortune -tarot -astrology -福岡市 -博多区 -中央区 -天神 -薬院 -大名 -六本松 -藤崎 -香椎,,2,,,,,,,,,,,ココカラサロン,https://www.google.com/maps/search/?api=1&query=%E3%82%B3%E3%82%B3%E3%82%AB%E3%83%A9%E3%82%B5%E3%83%AD%E3%83%B3+%E7%A6%8F%E5%B2%A1,,https://www.google.com/maps/search/?api=1&query=%E3%82%B3%E3%82%B3%E3%82%AB%E3%83%A9%E3%82%B5%E3%83%AD%E3%83%B3+%E7%A6%8F%E5%B2%A1,serpex_search,,2026-02-21 15:58:18,,ok_candidate,coco-kara-net 〜ココカラ〜,website_home_title,0.804,https://coco-kara.net/home,0,3.8,,ココカラサロン,normalized_from_raw,0.9
0046,ヒーリングスペースAnju,http://anju-therapy.com/access,北九州市 八幡西区 ヒーリング -占い -タロット -霊視 -手相 -姓名判断 -占星術 -fortune -tarot -astrology -福岡市 -博多区 -中央区 -天神 -薬院 -大名 -六本松 -藤崎 -香椎,,1,,,,,,,,,,,Anjuについて・アクセス,https://www.google.com/maps/search/?api=1&query=Anju%E3%81%AB%E3%81%A4%E3%81%84%E3%81%A6%E3%83%BB%E3%82%A2%E3%82%AF%E3%82%BB%E3%82%B9+%E7%A6%8F%E5%B2%A1,,https://www.google.com/maps/search/?api=1&query=Anju%E3%81%AB%E3%81%A4%E3%81%84%E3%81%A6%E3%83%BB%E3%82%A2%E3%82%AF%E3%82%BB%E3%82%B9+%E7%A6%8F%E5%B2%A1,serpex_search,,2026-02-21 15:57:20,,ok_candidate,北九州のスポーツジム&エステサロン│ヒーリングスペースAnju,website_home_og_site_name,0.924,http://anju-therapy.com/,0,5.3,,Anju,normalized_from_pattern,0.9
0047,内山みゆきスピリチュアルカウンセリング,https://uchiyama-miyuki.com/about,六本松 スピリチュアルカウンセリング 隠れ家 -占い -タロット -霊視 -手相 -姓名判断 -占星術 -fortune -tarot -astrology,1,1,,,,,,,,,,,,,,,,,,,,スピリチュアライズ講座とカウンセリング,fallback_original_no_candidate,0.2,https://uchiyama-miyuki.com/,0,0,thin_or_error_html,スピリチュアライズ講座とカウンセリング,fallback_place_name_clean,0.6
0048,ぷちあくび,https://petit-akubi.com/menu/energywork/aromareiki/,北九州市 門司区 レイキ サロン -占い -タロット -霊視 -手相 -姓名判断 -占星術 -fortune -tarot -astrology -福岡市 -博多区 -中央区 -天神 -薬院 -大名 -六本松 -藤崎 -香椎,,1,,,,,,,,,,,香りレイキ (R),https://www.google.com/maps/search/?api=1&query=%E9%A6%99%E3%82%8A%E3%83%AC%E3%82%A4%E3%82%AD+%28R%29+%E7%A6%8F%E5%B2%A1,,https://www.google.com/maps/search/?api=1&query=%E9%A6%99%E3%82%8A%E3%83%AC%E3%82%A4%E3%82%AD+%28R%29+%E7%A6%8F%E5%B2%A1,serpex_search,,2026-02-21 15:58:02,,ok_candidate,アロマテラピーサロン ぷちあくび,website_home_jsonld_name,0.99,https://petit-akubi.com/,0,6.5,,香りレイキ (R),normalized_from_raw,0.9
0049,福岡のレイキヒーリングと講座,https://happyhealing.jp/hujisaki-reiki-course/,藤崎 レイキ -占い -タロット -霊視 -手相 -姓名判断 -占星術 -fortune -tarot -astrology,1,2,,,,,,,,,,,,,,,,,,,,藤崎駅近くで学べるウスイレイキ講座とアチューメント,fallback_original_no_candidate,0.2,https://happyhealing.jp/,0,0,thin_or_error_html,藤崎駅近くで学べるウスイレイキ講座とアチューメント,fallback_place_name_clean,0.6
0050,福岡ヒーリング「KATAWARA」,https://salonkuu.com/about,香椎 ヒプノセラピー 自宅サロン サロン -占い -タロット -霊視 -手相 -姓名判断 -占星術 -fortune -tarot -astrology,1,1,,,,,,,,,,,,,,,,,,,,潜在意識から心と身体を癒すホリスティックヒプノセラピーサロン空-kuu,website_home_og_site_name,0.99,https://salonkuu.com/,0,6.5,,潜在意識から心と身体を癒すホリスティックヒプノセラピーサロン空-kuu,fallback_place_name_clean,0.6
0051,癒しサロン HOGU,https://select-type.com/rsv/?id=kjRHX5vucYc&c_id=24540,博多区 エネルギーワーク 個人 完全予約制 -占い -タロット -霊視 -手相 -姓名判断 -占星術 -fortune -tarot -astrology,1,1,,,,,,,,,,,,,,,,,,,,SelectType(セレクトタイプ),website_home_og_site_name,0.9,https://select-type.com/,0,5,,SelectType(セレクトタイプ),fallback_place_name_clean,0.6
0052,龍雅-Ryuga-,https://ryuga-gifu.com/spiritualcounselor/,六本松 スピリチュアルカウンセリング -占い -タロット -霊視 -手相 -姓名判断 -占星術 -fortune -tarot -astrology,1,1,,,,,,,,,,,,,,,,,,,,スピリチュアルカウンセリング,fallback_original_no_candidate,0.2,https://ryuga-gifu.com/,0,0,thin_or_error_html,スピリチュアルカウンセリング,fallback_place_name_clean,0.6
0053,Starlit Fukuoka,https://starlitfukuoka.web.fc2.com/,大野城 ヒプノセラピー 完全予約制 サロン -占い -タロット -霊視 -手相 -姓名判断 -占星術 -fortune -tarot -astrology -福岡市 -博多区 -中央区 -天神 -薬院 -大名 -六本松 -藤崎 -香椎,,2,,,,,,,,,,,Starlit Fukuoka／スターリット福岡,https://www.google.com/maps/search/?api=1&query=Starlit+Fukuoka%EF%BC%8F%E3%82%B9%E3%82%BF%E3%83%BC%E3%83%AA%E3%83%83%E3%83%88%E7%A6%8F%E5%B2%A1,,https://www.google.com/maps/search/?api=1&query=Starlit+Fukuoka%EF%BC%8F%E3%82%B9%E3%82%BF%E3%83%BC%E3%83%AA%E3%83%83%E3%83%88%E7%A6%8F%E5%B2%A1,serpex_search,,2026-02-21 15:58:07,,ok_candidate,Starlit Fukuoka,website_home_logo_alt,0.852,https://starlitfukuoka.web.fc2.com/,0,4.4,,Starlit Fukuoka,fallback_place_name_clean,0.6
0054,プライベートサロン「フィリア」＆チャネリング,https://yamashitamiki.com/private-salon-menu/,天神 潜在意識 サロン -占い -タロット -霊視 -手相 -姓名判断 -占星術 -fortune -tarot -astrology,1,1,,,,,,,,,,,,,,,,,,,,プライベートサロン「フィリア」＆チャネリング,fallback_original_no_candidate,0.2,https://yamashitamiki.com/,0,0,thin_or_error_html,プライベートサロン「フィリア」＆チャネリング,fallback_place_name_clean,0.6
0055,スピリチュアルカウンセリング,https://yuu-ta.com/sukagawa-spiritual-counseling,古賀 スピリチュアルカウンセリング -占い -タロット -霊視 -手相 -姓名判断 -占星術 -fortune -tarot -astrology -福岡市 -博多区 -中央区 -天神 -薬院 -大名 -六本松 -藤崎 -香椎,,2,,,,,,,,,,,スピリチュアルカウンセリング,https://www.google.com/maps/search/?api=1&query=%E3%82%B9%E3%83%94%E3%83%AA%E3%83%81%E3%83%A5%E3%82%A2%E3%83%AB%E3%82%AB%E3%82%A6%E3%83%B3%E3%82%BB%E3%83%AA%E3%83%B3%E3%82%B0+%E7%A6%8F%E5%B2%A1,,https://www.google.com/maps/search/?api=1&query=%E3%82%B9%E3%83%94%E3%83%AA%E3%83%81%E3%83%A5%E3%82%A2%E3%83%AB%E3%82%AB%E3%82%A6%E3%83%B3%E3%82%BB%E3%83%AA%E3%83%B3%E3%82%B0+%E7%A6%8F%E5%B2%A1,serpex_search,,2026-02-21 16:00:35,,ok_candidate,チャネリングセッション,fallback_original_no_candidate,0.2,https://yuu-ta.com/,0,0,thin_or_error_html,スピリチュアルカウンセリング,normalized_from_raw,0.9
0056,Yoga Healing Space 光,https://spacehikari.com/blog-reikisyuukanka/,藤崎 レイキ -占い -タロット -霊視 -手相 -姓名判断 -占星術 -fortune -tarot -astrology,1,1,,,,,,,,,,,,,,,,,,,,Yoga&Healing space光,website_home_og_site_name,0.99,https://spacehikari.com/,0,8.6,,Yoga&Healing space光,fallback_place_name_clean,0.6
0057,スピリチュアルカウンセリングで指導霊からのメッセージをお伝えします,https://www.caelestia.jp/,古賀 スピリチュアルカウンセリング -占い -タロット -霊視 -手相 -姓名判断 -占星術 -fortune -tarot -astrology -福岡市 -博多区 -中央区 -天神 -薬院 -大名 -六本松 -藤崎 -香椎,,2,,,,,,,,,,,スピリチュアルカウンセリングで指導霊からのメッセージをお伝えします,https://www.google.com/maps/search/?api=1&query=%E3%82%B9%E3%83%94%E3%83%AA%E3%83%81%E3%83%A5%E3%82%A2%E3%83%AB%E3%82%AB%E3%82%A6%E3%83%B3%E3%82%BB%E3%83%AA%E3%83%B3%E3%82%B0%E3%81%A7%E6%8C%87%E5%B0%8E%E9%9C%8A%E3%81%8B%E3%82%89%E3%81%AE%E3%83%A1%E3%83%83%E3%82%BB%E3%83%BC%E3%82%B8%E3%82%92%E3%81%8A%E4%BC%9D%E3%81%88%E3%81%97%E3%81%BE%E3%81%99+%E7%A6%8F%E5%B2%A1,,https://www.google.com/maps/search/?api=1&query=%E3%82%B9%E3%83%94%E3%83%AA%E3%83%81%E3%83%A5%E3%82%A2%E3%83%AB%E3%82%AB%E3%82%A6%E3%83%B3%E3%82%BB%E3%83%AA%E3%83%B3%E3%82%B0%E3%81%A7%E6%8C%87%E5%B0%8E%E9%9C%8A%E3%81%8B%E3%82%89%E3%81%AE%E3%83%A1%E3%83%83%E3%82%BB%E3%83%BC%E3%82%B8%E3%82%92%E3%81%8A%E4%BC%9D%E3%81%88%E3%81%97%E3%81%BE%E3%81%99+%E7%A6%8F%E5%B2%A1,serpex_search,,2026-02-21 16:00:35,,ok_candidate,カレスティア渋谷・栃木,website_home_title,0.852,https://www.caelestia.jp/,0,4.4,,カレスティア渋谷・栃木,fallback_place_name_clean,0.6
0058,Arcoiris Feliz,https://www.arcoirisfeliz.com/free-for-you/,北九州市 小倉南区 エネルギーワーク 隠れ家 サロン -占い -タロット -霊視 -手相 -姓名判断 -占星術 -fortune -tarot -astrology -福岡市 -博多区 -中央区 -天神 -薬院 -大名 -六本松 -藤崎 -香椎,,1,,,,,,,,,,,無料で受け取れる、ヒーリングとエネルギーワークのセレクション,https://www.google.com/maps/search/?api=1&query=%E7%84%A1%E6%96%99%E3%81%A7%E5%8F%97%E3%81%91%E5%8F%96%E3%82%8C%E3%82%8B%E3%80%81%E3%83%92%E3%83%BC%E3%83%AA%E3%83%B3%E3%82%B0%E3%81%A8%E3%82%A8%E3%83%8D%E3%83%AB%E3%82%AE%E3%83%BC%E3%83%AF%E3%83%BC%E3%82%AF%E3%81%AE%E3%82%BB%E3%83%AC%E3%82%AF%E3%82%B7%E3%83%A7%E3%83%B3+%E7%A6%8F%E5%B2%A1,,https://www.google.com/maps/search/?api=1&query=%E7%84%A1%E6%96%99%E3%81%A7%E5%8F%97%E3%81%91%E5%8F%96%E3%82%8C%E3%82%8B%E3%80%81%E3%83%92%E3%83%BC%E3%83%AA%E3%83%B3%E3%82%B0%E3%81%A8%E3%82%A8%E3%83%8D%E3%83%AB%E3%82%AE%E3%83%BC%E3%83%AF%E3%83%BC%E3%82%AF%E3%81%AE%E3%82%BB%E3%83%AC%E3%82%AF%E3%82%B7%E3%83%A7%E3%83%B3+%E7%A6%8F%E5%B2%A1,serpex_search,,2026-02-21 15:58:18,,ok_candidate,無料で受け取れる、ヒーリングとエネルギーワークのセレクション,fallback_original_blocked,0.2,https://www.arcoirisfeliz.com/,0,0,http_403_or_429,無料で受け取れる,normalized_from_split,0.9
0059,Lon Magic,https://www.lonmagic.biz/p/00005,北九州市 小倉北区 チャネリング 完全予約制 -占い -タロット -霊視 -手相 -姓名判断 -占星術 -fortune -tarot -astrology -福岡市 -博多区 -中央区 -天神 -薬院 -大名 -六本松 -藤崎 -香椎,,1,,,,,,,,,,,チャネリングセッション,https://www.google.com/maps/search/?api=1&query=%E3%83%81%E3%83%A3%E3%83%8D%E3%83%AA%E3%83%B3%E3%82%B0%E3%82%BB%E3%83%83%E3%82%B7%E3%83%A7%E3%83%B3+%E7%A6%8F%E5%B2%A1,,https://www.google.com/maps/search/?api=1&query=%E3%83%81%E3%83%A3%E3%83%8D%E3%83%AA%E3%83%B3%E3%82%B0%E3%82%BB%E3%83%83%E3%82%B7%E3%83%A7%E3%83%B3+%E7%A6%8F%E5%B2%A1,serpex_search,,2026-02-21 16:02:14,,ok_candidate,チャネリングセッション,fallback_original_no_candidate,0.2,https://www.lonmagic.biz/,0,0,thin_or_error_html,チャネリングセッション,normalized_from_raw,0.9
0060,Energy Body Treatment,https://www.heal-ebody.com/ebt-personal/,博多区 エネルギーワーク 個人 完全予約制 -占い -タロット -霊視 -手相 -姓名判断 -占星術 -fortune -tarot -astrology,1,1,,,,,,,,,,,,,,,,,,,,遠隔エネルギーワーク,fallback_original_blocked,0.2,https://www.heal-ebody.com/,0,0,http_403_or_429,遠隔エネルギーワーク,fallback_place_name_clean,0.6
0061,よし庵 スピリチュアルカウンセリング,https://spiritualyoshian.com/free/time,六本松 スピリチュアルカウンセリング -占い -タロット -霊視 -手相 -姓名判断 -占星術 -fortune -tarot -astrology,1,1,,,,,,,,,,,,,,,,,,,,よし庵 スピリチュアルカウンセリング,website_home_og_site_name,0.99,https://spiritualyoshian.com/,0,8,,よし庵 スピリチュアルカウンセリング,fallback_place_name_clean,0.6
0062,ドルフィン・ヒーリング・タイム,https://dolphin-healing-time.jimdofree.com/,北九州市 小倉南区 エネルギーワーク 隠れ家 サロン -占い -タロット -霊視 -手相 -姓名判断 -占星術 -fortune -tarot -astrology -福岡市 -博多区 -中央区 -天神 -薬院 -大名 -六本松 -藤崎 -香椎,,2,,,,,,,,,,,エネルギーワークレッスン,https://www.google.com/maps/search/?api=1&query=%E3%82%A8%E3%83%8D%E3%83%AB%E3%82%AE%E3%83%BC%E3%83%AF%E3%83%BC%E3%82%AF%E3%83%AC%E3%83%83%E3%82%B9%E3%83%B3+%E7%A6%8F%E5%B2%A1,,https://www.google.com/maps/search/?api=1&query=%E3%82%A8%E3%83%8D%E3%83%AB%E3%82%AE%E3%83%BC%E3%83%AF%E3%83%BC%E3%82%AF%E3%83%AC%E3%83%83%E3%82%B9%E3%83%B3+%E7%A6%8F%E5%B2%A1,serpex_search,,2026-02-21 15:58:18,,ok_candidate,エネルギーワークレッスン,fallback_original_blocked,0.2,https://dolphin-healing-time.jimdofree.com/,0,0,http_403_or_429,エネルギーワークレッスン,normalized_from_raw,0.9
0063,A-code,https://angelnumber.info/444/,高宮 エネルギーワーク -占い -タロット -霊視 -手相 -姓名判断 -占星術 -fortune -tarot -astrology,1,1,,,,,,,,,,,,,,,,,,,,A-code,fallback_original_no_candidate,0.2,https://angelnumber.info/,0,0,thin_or_error_html,A-code,fallback_place_name_clean,0.6
0064,自宅がパワースポットになる土地の浄化　サーニアンコズミックエナジーフロー,https://refugium8388.com/body/,北九州市 戸畑区 エネルギーワーク マンション 個人 -占い -タロット -霊視 -手相 -姓名判断 -占星術 -fortune -tarot -astrology -福岡市 -博多区 -中央区 -天神 -薬院 -大名 -六本松 -藤崎 -香椎,,2,,,,,,,,,,,体へのエネルギーワーク（太陽意識エネルギｰワーク）,https://www.google.com/maps/search/?api=1&query=%E4%BD%93%E3%81%B8%E3%81%AE%E3%82%A8%E3%83%8D%E3%83%AB%E3%82%AE%E3%83%BC%E3%83%AF%E3%83%BC%E3%82%AF%EF%BC%88%E5%A4%AA%E9%99%BD%E6%84%8F%E8%AD%98%E3%82%A8%E3%83%8D%E3%83%AB%E3%82%AE%EF%BD%B0%E3%83%AF%E3%83%BC%E3%82%AF%EF%BC%89+%E7%A6%8F%E5%B2%A1,,https://www.google.com/maps/search/?api=1&query=%E4%BD%93%E3%81%B8%E3%81%AE%E3%82%A8%E3%83%8D%E3%83%AB%E3%82%AE%E3%83%BC%E3%83%AF%E3%83%BC%E3%82%AF%EF%BC%88%E5%A4%AA%E9%99%BD%E6%84%8F%E8%AD%98%E3%82%A8%E3%83%8D%E3%83%AB%E3%82%AE%EF%BD%B0%E3%83%AF%E3%83%BC%E3%82%AF%EF%BC%89+%E7%A6%8F%E5%B2%A1,serpex_search,,2026-02-21 15:56:44,,ok_candidate,体へのエネルギーワーク（太陽意識エネルギｰワーク）,fallback_original_no_candidate,0.2,https://refugium8388.com/,0,0,thin_or_error_html,体へのエネルギーワーク（太陽意識エネルギｰワーク）,fallback_place_name_clean,0.6
0065,ヒプノセラピー・トリニティ福岡,https://www.trinityfukuoka.com/,天神 潜在意識 サロン -占い -タロット -霊視 -手相 -姓名判断 -占星術 -fortune -tarot -astrology,1,1,,,,,,,,,,,,,,,,,,,,ヒプノセラピー・トリニティ福岡｜公認心理師による催眠療法,website_home_title,0.828,https://www.trinityfukuoka.com/,0,4.1,,ヒプノセラピー・トリニティ福岡｜公認心理師による催眠療法,fallback_place_name_clean,0.6
0066,ヒーリングサロンワンネス,https://jaswayblog.com/%E3%82%B5%E3%83%AD%E3%83%B3%E7%A7%BB%E8%BB%A2%E3%81%AB%E3%81%A4%E3%81%84%E3%81%A6%F0%9F%8F%A0/,博多区 スピリチュアルカウンセリング -占い -タロット -霊視 -手相 -姓名判断 -占星術 -fortune -tarot -astrology,1,1,,,,,,,,,,,,,,,,,,,,ヒーリングサロンワンネス,fallback_original_no_candidate,0.2,https://jaswayblog.com/,0,0,thin_or_error_html,ヒーリングサロンワンネス,fallback_place_name_clean,0.6
0067,PRASANA,https://www.prasanna-yoga.com/school,北九州市 小倉北区 チャネリング 完全予約制 -占い -タロット -霊視 -手相 -姓名判断 -占星術 -fortune -tarot -astrology -福岡市 -博多区 -中央区 -天神 -薬院 -大名 -六本松 -藤崎 -香椎,,2,,,,,,,,,,,【養成】宮崎・福岡,https://www.google.com/maps/search/?api=1&query=%E3%80%90%E9%A4%8A%E6%88%90%E3%80%91%E5%AE%AE%E5%B4%8E%E3%83%BB%E7%A6%8F%E5%B2%A1,,https://www.google.com/maps/search/?api=1&query=%E3%80%90%E9%A4%8A%E6%88%90%E3%80%91%E5%AE%AE%E5%B4%8E%E3%83%BB%E7%A6%8F%E5%B2%A1,serpex_search,,2026-02-21 16:02:14,,ok_candidate,【養成】宮崎,fallback_place_url_query_js,0.55,https://www.prasanna-yoga.com/,1,1.2,js_required_place_url_query,【養成】宮崎・福岡,normalized_from_raw,0.75
0068,ほっとぷれいす,http://hot-place.info/,西鉄久留米 ヒプノセラピー -占い -タロット -霊視 -手相 -姓名判断 -占星術 -fortune -tarot -astrology -福岡市 -博多区 -中央区 -天神 -薬院 -大名 -六本松 -藤崎 -香椎,,2,,,,,,,,,,,ヒプノセラピーでお悩み相談,https://www.google.com/maps/search/?api=1&query=%E3%83%92%E3%83%97%E3%83%8E%E3%82%BB%E3%83%A9%E3%83%94%E3%83%BC%E3%81%A7%E3%81%8A%E6%82%A9%E3%81%BF%E7%9B%B8%E8%AB%87+%E7%A6%8F%E5%B2%A1,,https://www.google.com/maps/search/?api=1&query=%E3%83%92%E3%83%97%E3%83%8E%E3%82%BB%E3%83%A9%E3%83%94%E3%83%BC%E3%81%A7%E3%81%8A%E6%82%A9%E3%81%BF%E7%9B%B8%E8%AB%87+%E7%A6%8F%E5%B2%A1,serpex_search,,2026-02-21 16:04:04,,ok_candidate,福岡のヒプノセラピーカウンセラーの,website_home_h1,0.932,http://hot-place.info/,0,5.4,,ヒプノセラピーでお悩み相談,normalized_from_raw,0.9
0069,青葉台ヒーリングサロン esperanza,https://healingsalon-esperanza.com/,六本松 スピリチュアルカウンセリング 隠れ家 -占い -タロット -霊視 -手相 -姓名判断 -占星術 -fortune -tarot -astrology,1,1,,,,,,,,,,,,,,,,,,,,青葉台ヒーリングサロン【esperanza】,website_home_og_site_name,0.99,https://healingsalon-esperanza.com/,0,8,,青葉台ヒーリングサロン【esperanza】,fallback_place_name_clean,0.6
0070,Magical knowledge,http://magical-knowledge.com/chizuru/,太宰府 レイキ サロン -占い -タロット -霊視 -手相 -姓名判断 -占星術 -fortune -tarot -astrology -福岡市 -博多区 -中央区 -天神 -薬院 -大名 -六本松 -藤崎 -香椎,,2,,,,,,,,,,,愛と感謝のマザーヒーラー 弁財天ちずる,https://www.google.com/maps/search/?api=1&query=%E6%84%9B%E3%81%A8%E6%84%9F%E8%AC%9D%E3%81%AE%E3%83%9E%E3%82%B6%E3%83%BC%E3%83%92%E3%83%BC%E3%83%A9%E3%83%BC+%E5%BC%81%E8%B2%A1%E5%A4%A9%E3%81%A1%E3%81%9A%E3%82%8B+%E7%A6%8F%E5%B2%A1,,https://www.google.com/maps/search/?api=1&query=%E6%84%9B%E3%81%A8%E6%84%9F%E8%AC%9D%E3%81%AE%E3%83%9E%E3%82%B6%E3%83%BC%E3%83%92%E3%83%BC%E3%83%A9%E3%83%BC+%E5%BC%81%E8%B2%A1%E5%A4%A9%E3%81%A1%E3%81%9A%E3%82%8B+%E7%A6%8F%E5%B2%A1,serpex_search,,2026-02-21 15:57:28,,ok_candidate,愛と感謝のマザーヒーラー 弁財天ちずる,fallback_original_no_candidate,0.2,http://magical-knowledge.com/,0,0,thin_or_error_html,愛と感謝のマザーヒーラー 弁財天ちずる,normalized_from_raw,0.6
0071,久留米エモーションフリー,https://miho12.jimdofree.com/,北九州市 戸畑区 エネルギーワーク マンション 個人 -占い -タロット -霊視 -手相 -姓名判断 -占星術 -fortune -tarot -astrology -福岡市 -博多区 -中央区 -天神 -薬院 -大名 -六本松 -藤崎 -香椎,,2,,,,,,,,,,,エネルギーワーク,https://www.google.com/maps/search/?api=1&query=%E3%82%A8%E3%83%8D%E3%83%AB%E3%82%AE%E3%83%BC%E3%83%AF%E3%83%BC%E3%82%AF+%E7%A6%8F%E5%B2%A1,,https://www.google.com/maps/search/?api=1&query=%E3%82%A8%E3%83%8D%E3%83%AB%E3%82%AE%E3%83%BC%E3%83%AF%E3%83%BC%E3%82%AF+%E7%A6%8F%E5%B2%A1,serpex_search,,2026-02-21 15:56:44,,ok_candidate,エネルギーワーク,fallback_original_blocked,0.2,https://miho12.jimdofree.com/,0,0,http_403_or_429,エネルギーワーク,normalized_from_raw,0.9
0072,Hand healing Angie ,https://angie-hands.com/%E3%80%90%E6%BD%9C%E5%9C%A8%E6%84%8F%E8%AD%98%E3%82%A2%E3%83%AD%E3%83%9E%EF%B8%8F%E3%80%91%E5%85%88%E3%81%AB%E3%81%AA%E3%82%8A%E3%81%BE%E3%81%99%E3%81%8C%E3%80%818%E6%9C%88%EF%BC%92%E6%9E%A0/,中央区 潜在意識 -占い -タロット -霊視 -手相 -姓名判断 -占星術 -fortune -tarot -astrology,1,2,,,,,,,,,,,,,,,,,,,,リンパケア専門店：アンジー【シミケア専門・美筋・ハンドヒーリング】,website_home_jsonld_name,0.9,https://angie-hands.com/,0,5,,リンパケア専門店：アンジー【シミケア専門・美筋・ハンドヒーリング】,fallback_place_name_clean,0.6
0073,あいのわ アロマ＆ヒーリング スペース,https://www.ainowaaroma.com/%E3%82%B5%E3%83%AD%E3%83%B3/,太宰府 レイキ サロン -占い -タロット -霊視 -手相 -姓名判断 -占星術 -fortune -tarot -astrology -福岡市 -博多区 -中央区 -天神 -薬院 -大名 -六本松 -藤崎 -香椎,,2,,,,,,,,,,,プライベート アロマ&レイキヒーリングサロン 会員制,https://www.google.com/maps/search/?api=1&query=%E3%83%97%E3%83%A9%E3%82%A4%E3%83%99%E3%83%BC%E3%83%88+%E3%82%A2%E3%83%AD%E3%83%9E%26%E3%83%AC%E3%82%A4%E3%82%AD%E3%83%92%E3%83%BC%E3%83%AA%E3%83%B3%E3%82%B0%E3%82%B5%E3%83%AD%E3%83%B3+%E4%BC%9A%E5%93%A1%E5%88%B6+%E7%A6%8F%E5%B2%A1,,https://www.google.com/maps/search/?api=1&query=%E3%83%97%E3%83%A9%E3%82%A4%E3%83%99%E3%83%BC%E3%83%88+%E3%82%A2%E3%83%AD%E3%83%9E%26%E3%83%AC%E3%82%A4%E3%82%AD%E3%83%92%E3%83%BC%E3%83%AA%E3%83%B3%E3%82%B0%E3%82%B5%E3%83%AD%E3%83%B3+%E4%BC%9A%E5%93%A1%E5%88%B6+%E7%A6%8F%E5%B2%A1,serpex_search,,2026-02-21 15:57:28,,ok_candidate,プライベート アロマ&レイキヒーリングサロン 会員制,fallback_original_blocked,0.2,https://www.ainowaaroma.com/,0,0,http_403_or_429,プライベート アロマ&レイキヒーリングサロン 会員制,fallback_place_name_clean,0.6
0074,Holistic Healing Nadis,https://nadis.jp/hypnotherapy/,北九州市 小倉北区 潜在意識 個人 -占い -タロット -霊視 -手相 -姓名判断 -占星術 -fortune -tarot -astrology -福岡市 -博多区 -中央区 -天神 -薬院 -大名 -六本松 -藤崎 -香椎,,1,,,,,,,,,,,}ヒプノセラピー(催眠療法）,https://www.google.com/maps/search/?api=1&query=%7D%E3%83%92%E3%83%97%E3%83%8E%E3%82%BB%E3%83%A9%E3%83%94%E3%83%BC%28%E5%82%AC%E7%9C%A0%E7%99%82%E6%B3%95%EF%BC%89+%E7%A6%8F%E5%B2%A1,,https://www.google.com/maps/search/?api=1&query=%7D%E3%83%92%E3%83%97%E3%83%8E%E3%82%BB%E3%83%A9%E3%83%94%E3%83%BC%28%E5%82%AC%E7%9C%A0%E7%99%82%E6%B3%95%EF%BC%89+%E7%A6%8F%E5%B2%A1,serpex_search,,2026-02-21 16:00:23,,ok_candidate,ヒプノセラピー(催眠療法）,fallback_original_no_candidate,0.2,https://nadis.jp/,0,0,thin_or_error_html,}ヒプノセラピー(催眠療法）,normalized_from_raw,0.9
0075,Healing Salon Iris,https://iris-222.jimdofree.com/healing-energy-work/,博多区 エネルギーワーク 個人 完全予約制 -占い -タロット -霊視 -手相 -姓名判断 -占星術 -fortune -tarot -astrology,1,1,,,,,,,,,,,,,,,,,,,,はじめてのエネルギーワーク,fallback_original_blocked,0.2,https://iris-222.jimdofree.com/,0,0,http_403_or_429,はじめてのエネルギーワーク,fallback_place_name_clean,0.6
0076,スピリチュアルサロンナチュラルプラネット東京下北沢高円寺,https://www.naturalplanet.jp/salon-tokyo-spiritual,六本松 スピリチュアルカウンセリング 隠れ家 -占い -タロット -霊視 -手相 -姓名判断 -占星術 -fortune -tarot -astrology,1,1,,,,,,,,,,,,,,,,,,,,Naturalplanet,fallback_domain_derived_js,0.4,https://www.naturalplanet.jp/,1,0.6,js_required_domain_fallback,Naturalplanet,fallback_place_name_clean,0.6
0077,metronom,https://www.spiritual-metronom.com/spiritual_counseling.html,六本松 スピリチュアルカウンセリング -占い -タロット -霊視 -手相 -姓名判断 -占星術 -fortune -tarot -astrology,1,2,,,,,,,,,,,,,,,,,,,,metronom,fallback_original_no_candidate,0.2,https://www.spiritual-metronom.com/,0,0,thin_or_error_html,metronom,fallback_place_name_clean,0.6
0078,スピリチュアルカウンセラー　daiki,https://tol-app.jp/s/daikispiritual,藤崎 スピリチュアルカウンセリング -占い -タロット -霊視 -手相 -姓名判断 -占星術 -fortune -tarot -astrology,1,1,,,,,,,,,,,,,,,,,,,,スピリチュアルカウンセラー daiki,fallback_original_blocked,0.2,https://tol-app.jp/index.php,0,0,http_403_or_429,スピリチュアルカウンセラー daiki,fallback_place_name_clean,0.6
0079,Motonoki Juku,https://www.motonoki-reiki.com/course/,藤崎 レイキ -占い -タロット -霊視 -手相 -姓名判断 -占星術 -fortune -tarot -astrology,1,1,,,,,,,,,,,,,,,,,,,,元の氣靈氣講座各種,fallback_original_no_candidate,0.2,https://www.motonoki-reiki.com/,0,0,thin_or_error_html,元の氣靈氣講座各種,fallback_place_name_clean,0.6
0080,慈恩保の遠隔ヒーリング,https://www.jiontamotsu.com/home/healing/,六本松 スピリチュアルカウンセリング -占い -タロット -霊視 -手相 -姓名判断 -占星術 -fortune -tarot -astrology,1,1,,,,,,,,,,,,,,,,,,,,スピリチュアルカウンセリングとは,fallback_original_blocked,0.2,https://www.jiontamotsu.com/,0,0,http_403_or_429,スピリチュアルカウンセリングとは,fallback_place_name_clean,0.6
0081,内観サロンTrue Face,https://true-face.jp/9876/,中央区 潜在意識 -占い -タロット -霊視 -手相 -姓名判断 -占星術 -fortune -tarot -astrology,1,1,,,,,,,,,,,,,,,,,,,,変わりたい vs 無意識のブレーキ／潜在意識がわかる内観,fallback_original_no_candidate,0.2,https://true-face.jp/,0,0,thin_or_error_html,変わりたい vs 無意識のブレーキ／潜在意識がわかる内観,fallback_place_name_clean,0.6
0082,Pear千琴,https://reserva.be/pearchikoto/about,北九州市 戸畑区 ヒーリング 隠れ家 -占い -タロット -霊視 -手相 -姓名判断 -占星術 -fortune -tarot -astrology -福岡市 -博多区 -中央区 -天神 -薬院 -大名 -六本松 -藤崎 -香椎,,1,,,,,,,,,,,Pear千琴,https://www.google.com/maps/search/?api=1&query=Pear%E5%8D%83%E7%90%B4+%E7%A6%8F%E5%B2%A1,,https://www.google.com/maps/search/?api=1&query=Pear%E5%8D%83%E7%90%B4+%E7%A6%8F%E5%B2%A1,serpex_search,,2026-02-21 16:03:00,,ok_candidate,Pear千琴,fallback_original_blocked,0.2,https://reserva.be/,0,0,http_403_or_429,Pear千琴,normalized_from_raw,0.9
0083,よし庵 スピリチュアルカウンセリング,https://spiritualyoshian.com/about,藤崎 スピリチュアルカウンセリング -占い -タロット -霊視 -手相 -姓名判断 -占星術 -fortune -tarot -astrology,1,1,,,,,,,,,,,,,,,,,,,,よし庵 スピリチュアルカウンセリング,website_home_og_site_name,0.99,https://spiritualyoshian.com/,0,8,,よし庵 スピリチュアルカウンセリング,fallback_place_name_clean,0.6
0084,Shasta Healing,https://shastahealing.com/spi,古賀 スピリチュアルカウンセリング -占い -タロット -霊視 -手相 -姓名判断 -占星術 -fortune -tarot -astrology -福岡市 -博多区 -中央区 -天神 -薬院 -大名 -六本松 -藤崎 -香椎,,1,,,,,,,,,,,スピリチュアルカウンセリング,https://www.google.com/maps/search/?api=1&query=%E3%82%B9%E3%83%94%E3%83%AA%E3%83%81%E3%83%A5%E3%82%A2%E3%83%AB%E3%82%AB%E3%82%A6%E3%83%B3%E3%82%BB%E3%83%AA%E3%83%B3%E3%82%B0+%E7%A6%8F%E5%B2%A1,,https://www.google.com/maps/search/?api=1&query=%E3%82%B9%E3%83%94%E3%83%AA%E3%83%81%E3%83%A5%E3%82%A2%E3%83%AB%E3%82%AB%E3%82%A6%E3%83%B3%E3%82%BB%E3%83%AA%E3%83%B3%E3%82%B0+%E7%A6%8F%E5%B2%A1,serpex_search,,2026-02-21 16:00:35,,ok_candidate,スピリチュアルカウンセリング,fallback_original_no_candidate,0.2,https://shastahealing.com/,0,0,thin_or_error_html,スピリチュアルカウンセリング,normalized_from_raw,0.9
0085,Risa Masaki The Healing Laboratory,https://sp.masaki-risa.com/,六本松 スピリチュアルカウンセリング 隠れ家 -占い -タロット -霊視 -手相 -姓名判断 -占星術 -fortune -tarot -astrology,1,1,,,,,,,,,,,,,,,,,,,,スピリチュアルカウンセリング/スピリチュアルカウンセラー【正木りさヒーリング研究室】,website_home_og_site_name,0.932,https://sp.masaki-risa.com/,0,5.4,,スピリチュアルカウンセリング/スピリチュアルカウンセラー【正木りさヒーリング研究室】,fallback_place_name_clean,0.6
0086,amsa hypno,https://amsahypno.com/fees/,大野城 ヒプノセラピー 完全予約制 サロン -占い -タロット -霊視 -手相 -姓名判断 -占星術 -fortune -tarot -astrology -福岡市 -博多区 -中央区 -天神 -薬院 -大名 -六本松 -藤崎 -香椎,,1,,,,,,,,,,,料金,https://www.google.com/maps/search/?api=1&query=%E6%96%99%E9%87%91+%E7%A6%8F%E5%B2%A1,,https://www.google.com/maps/search/?api=1&query=%E6%96%99%E9%87%91+%E7%A6%8F%E5%B2%A1,serpex_search,,2026-02-21 15:58:07,,ok_candidate,amsa hypno -,fallback_original_no_candidate,0.2,https://amsahypno.com/,0,0,thin_or_error_html,amsa hypno -,fallback_place_name_clean,0.6
0087,癒座,https://animanipaya.wixsite.com/yukura,北九州市 戸畑区 ヒーリング 隠れ家 -占い -タロット -霊視 -手相 -姓名判断 -占星術 -fortune -tarot -astrology -福岡市 -博多区 -中央区 -天神 -薬院 -大名 -六本松 -藤崎 -香椎,,1,,,,,,,,,,,お茶の水 隠れ家ヒーリングサロン 癒座ゆくら 悩み 美しさ,https://www.google.com/maps/search/?api=1&query=%E3%81%8A%E8%8C%B6%E3%81%AE%E6%B0%B4+%E9%9A%A0%E3%82%8C%E5%AE%B6%E3%83%92%E3%83%BC%E3%83%AA%E3%83%B3%E3%82%B0%E3%82%B5%E3%83%AD%E3%83%B3+%E7%99%92%E5%BA%A7%E3%82%86%E3%81%8F%E3%82%89+%E6%82%A9%E3%81%BF+%E7%BE%8E%E3%81%97%E3%81%95+%E7%A6%8F%E5%B2%A1,,https://www.google.com/maps/search/?api=1&query=%E3%81%8A%E8%8C%B6%E3%81%AE%E6%B0%B4+%E9%9A%A0%E3%82%8C%E5%AE%B6%E3%83%92%E3%83%BC%E3%83%AA%E3%83%B3%E3%82%B0%E3%82%B5%E3%83%AD%E3%83%B3+%E7%99%92%E5%BA%A7%E3%82%86%E3%81%8F%E3%82%89+%E6%82%A9%E3%81%BF+%E7%BE%8E%E3%81%97%E3%81%95+%E7%A6%8F%E5%B2%A1,serpex_search,,2026-02-21 16:03:00,,needs_manual_review,お茶の水 隠れ家ヒーリングサロン 癒座ゆくら 悩み 美しさ,fallback_original_no_candidate,0.2,https://animanipaya.wixsite.com/,0,0,http_404,お茶の水 隠れ家ヒーリングサロン 癒座ゆくら 悩み 美しさ,fallback_place_name_clean,0.6
0088,Private salon Lily,https://privatesalonlily.jimdofree.com/,西鉄柳川 潜在意識 自宅サロン -占い -タロット -霊視 -手相 -姓名判断 -占星術 -fortune -tarot -astrology -福岡市 -博多区 -中央区 -天神 -薬院 -大名 -六本松 -藤崎 -香椎,,1,,,,,,,,,,,~お客様の心に寄り添うsalon~,https://www.google.com/maps/search/?api=1&query=~%E3%81%8A%E5%AE%A2%E6%A7%98%E3%81%AE%E5%BF%83%E3%81%AB%E5%AF%84%E3%82%8A%E6%B7%BB%E3%81%86salon~+%E7%A6%8F%E5%B2%A1,,https://www.google.com/maps/search/?api=1&query=~%E3%81%8A%E5%AE%A2%E6%A7%98%E3%81%AE%E5%BF%83%E3%81%AB%E5%AF%84%E3%82%8A%E6%B7%BB%E3%81%86salon~+%E7%A6%8F%E5%B2%A1,serpex_search,,2026-02-21 15:57:11,,ok_candidate,~お客様の心に寄り添うsalon~,fallback_original_blocked,0.2,https://privatesalonlily.jimdofree.com/,0,0,http_403_or_429,~お客様の心に寄り添うsalon~,fallback_place_name_clean,0.6